user,location,text,sentiment,probability
liderAndroide,,Mi #iPhoneSE2 me lleg√≥ primero que a ustedes iphoneros ü•± ...se que dir√°n que es un #iPhone8 rojo ...pero no me impo‚Ä¶ https://t.co/Ts6EwFgbSG,Positivo,65
novedadesqroo,"Canc√∫n, Quintana Roo","üßê Apple... ¬øno te das cuenta que hay crisis en el mundo? Conoce su nuevo terminal econ√≥mico, #iPhoneSE. https://t.co/1mSrtTbM7s",Positivo,57
Carlos_Vassan,M√©xico,"Ahora que sabemos cu√°nto costar√° el #iPhoneSE y que estar√° disponible en pr√≥ximos d√≠as, yo les pregunto üßêüßê

¬øSe lo‚Ä¶ https://t.co/B9JL5dmIku",Positivo,69
iManuMX,M√©xico,"El iPhone SE es OFICIAL y estas son algunas de sus caracter√≠sticas. ‚Å£
‚Å£
üì± Capacidades: 64,128 y 256 GB‚Å£
üî¥ Colores:‚Ä¶ https://t.co/yWFL7aE5et",Positivo,69
liderAndroide,,Y justo cuando pens√© que #Apple no pod√≠a tener un tel√©fono m√°s feo que los actuales #iPhone (que son feos por delan‚Ä¶ https://t.co/krCeKel2bH,Positivo,64
TambienSoyJose,"Quer√©taro Arteaga, M√©xico","Qu√© clase iPhone XR con touch ID es el ‚Äúnuevo‚Äù #iPhoneSE se mamaron, #Apple , neta se mamaron. The new iPhone SE ‚Äî‚Ä¶ https://t.co/O3c8rstwC0",Positivo,80
AmericaDigital,Continente Americano,"Finalmente, #Apple lanza al mercado el nuevo #iPhoneSE

https://t.co/A7O6Az87jV",Positivo,80
CajaTeam,,Conoce el nuevo #IphoneSE una versi√≥n mas econ√≥mica del iphone 11 que viene en 3 diferentes colores https://t.co/HfuHVl7ops,Positivo,82
HumOliva,,"Nuevo iPhone SE, bonito mas poderoso y mas barato... Problema es mas barato en d√≥lares, pero el d√≥lar esta mucho ma‚Ä¶ https://t.co/yfdyvXyEdn",Positivo,75
esloren,about.me/esteban_lorenzut,"#PeriodismoEnEmergencia sale con la primicia de un 3,3% de #inflacion inflaci√≥n en marzo 2020.

Este a√±o acumula: E‚Ä¶ https://t.co/JcKPSAeFCZ",Positivo,70
jjjchm,"Caracas, Venezuela","Para m√≠... #iPhoneSE 
 https://t.co/IMLrQirMK9",Positivo,69
el_amigo_geek,,"Nuevo iPhone SE 2020 hace su debut.
.
.
.
.
.
#Apple #AppleiPhone #iPhone #iPhoneSE #ios #ios13 #applefans‚Ä¶ https://t.co/HRMzKoFZYR",Positivo,78
Samuel78230328,Puerto Rico,1.000 favs y me compro el nuevo #iPhoneSE cuando salga y lo sorteo,Positivo,82
NtcAfc,METRO Apatlaco y eje 5,"¬°HOLA! #GneracionTouch :
#FelizMiercoles
¬°La imagen del dia!
#iPhoneSE https://t.co/g0wAKXF1sY",Positivo,75
elcomerciocom,Ecuador,Apple sorprende en cuarentena con su nuevo #iPhoneSE. Las caracter√≠sticas del nuevo smartphone con una in√©dita pres‚Ä¶ https://t.co/SUkCnp6Hs5,Positivo,84
omglobalnews,Instagram: @omglobalnews,"PODCAST | Apple lanza un nuevo #iPhoneSE üì± 

#LosDestacadosEnCuarentena 23

üó£ Con @JulenHernandez @porexpan @omai y‚Ä¶ https://t.co/3V4CQJmVli",Positivo,78
marsonauta,"Syrtis Major, Mars","Del nuevo iPhone, s√≥lo me interesaba saber si pod√≠amos seguir alej√°ndonos de los 320pt. Bac√°n porque subi√≥ a 375. #iPhoneSE",Positivo,76
moshlsd,Villahermosa,Si se compran el  nuevo #iPhoneSE los mando alv,Positivo,76
celsoibarra,"UT: 24.145052,-110.317001","Y as√≠ la nueva generaci√≥n de #iPhoneSE 

‚Ä¢ C√°mara de 12 megapixeles con estabilizador y modo retrato. 
‚Ä¢ 64, 128 y‚Ä¶ https://t.co/KBdMAPlsf2",Positivo,75
atodochip,"Madrid, Spain",Lo de #TouchID es algo muy acertado. Puede valorar el futuro de la seguridad en Apple en base a ello. De nuevo.‚Ä¶ https://t.co/8VJ0AitUDG,Positivo,73
lajornadaonline,M√©xico,"El #IphoneSE podr√≠a atraer a m√°s consumidores a los servicios de @Apple, que empezar√° a recibir pedidos en su p√°gin‚Ä¶ https://t.co/9xbJr2zzpl",Positivo,68
_RobledoJM,"Durango, M√©xico","¬´#FraudeVolaris¬ª @viajaVolaris imposible cambiar vuelo, dias marcando en espera al enviar al √°rea especializada por‚Ä¶ https://t.co/MidYV9GiMB",Positivo,58
MiamiMundo,Miami Florida,Apple lanza el iPhone SE a s√≥lo 399 d√≥lares #Apple #iPhoneSE https://t.co/1RUYenbjbI https://t.co/2D1zEhi8uP,Positivo,69
Abrahamlez,"Ciudad Guayana, Venezuela ","Cuando en plena pandemia global, Apple anuncia por sorpresa un nuevo iPhone. 
#iPhoneSE https://t.co/RvNH2MRJLJ",Positivo,79
interes87253927,,"Todos sabemos las carcasas de los SE, son las que sobraron de los modelos anteriores no ?????? #iPhoneSE",Positivo,66
NelsonRafael013,"Caracas, Venezuela",El costo del nuevo #iPhoneSE https://t.co/jHcPfJU5Fn,Positivo,84
MemoInPR,"18 15 N, 66 30 O","@juancpedreira @wiltonv @tecnetico Con todo los bochinches relacionado al COVID-19, falta de pruebas y chanchullos,‚Ä¶ https://t.co/a40vfkNdrX",Positivo,51
ElGris,Gelves / New York,El iPhone SE: as√≠ es el iPhone 'barato' de Apple; por @susanacgomez en @diariosevilla #iPhone #iPhoneSE‚Ä¶ https://t.co/zZnUc21AXM,Positivo,70
kikeSalazar__,,#Apple al puro estilo vintage. #iPhoneSE,Positivo,62
bazais,"Madrid, Comunidad de Madrid",Mucho iPhone por menos: muy fan de Apple que lanza hoy su nuevo iPhone SE por 489 ‚Ç¨. El precio era una de las princ‚Ä¶ https://t.co/vpsXcjJk0f,Positivo,83
GlucMx,M√©xico,"¬°Te presentamos lo nuevo de iPhone üòç!

Todo lo que debes de saber sobre el #iPhoneSE y #iPhoneSE2 üì≤ ¬°y lo que va a‚Ä¶ https://t.co/x36C3UMubd",Positivo,80
TheNostalgico,Ciudad de M√©xico / Mexico City,Si me ando animando por el #iPhoneSE üßê,Positivo,52
TheBat_PvP_,"Sinaloa, M√©xico","Hola üòÅ Buenos dias 
Te interesaria GANAR un ingreso extra de 50$ a 450$ (dolares) al dia en tan solo pocas horas?‚Ä¶ https://t.co/ynNc0WUfn8",Positivo,82
ColombiacomTW,Colombia,#iPhoneSE El nuevo dispositivo con toda la novedad de la marca pero m√°s asequible üì≤üòçüëá https://t.co/2AoqkZdoij,Positivo,84
teresa_s_rocha,,Para lo que de verdad no les alcanza es para originalidad ¬°siempre los pendejos chistes del costo! #iPhoneSE,Positivo,67
Fuertes33,LOGRO√ëO,"Nuevo IPhone SE 64GB 489‚Ç¨
¬øHay alg√∫n m√≥vil que lo supere ahora mismo? ¬øTe lo comprar√≠as?
#iPhoneSE #iphonese2020‚Ä¶ https://t.co/0mu2ojvrpk",Positivo,76
A77_360,internet ,"Apple lanza el #iPhoneSE con A13 bionic üì±

#77Apple",Positivo,63
ivanalescanomdq,"Mar del Plata, Argentina",Lo necesitoüòç #iPhoneSE https://t.co/LPmiTCUfuF,Positivo,70
carlozconzeta,"Mexico city, M√©xico üá≤üáΩ",Mil veces el IPhone 8 que el nuevo #iPhoneSE,Positivo,85
wreckinqtumblrr,,donde esta mi sugar? para que me compre el nuevo #iPhoneSE,Positivo,85
Apperlas,Ô£ø,"üì± V√≠deo en 3D del nuevo #iPhoneSE.
¬øQu√© te parece el nuevo #iPhone barato de #Apple? https://t.co/SLWgzr2s7s",Positivo,83
Jim_Alexander89,Ecuador,Se han fijado que ahora los productos RED de @Apple contribuyen a la lucha contra el #COVID19 @MARCIANOPHONE‚Ä¶ https://t.co/74LLIiVaBG,Positivo,63
thewitcho,,El #iPhoneSE entra en la canasta b√°sica????,Positivo,67
FeniXBMS,"Madrid, Comunidad de Madrid",Fondos nuevos de #iPhoneSE #iphonese2020 https://t.co/rSSxRZS18n,Positivo,72
PublimetroMX,Ciudad de M√©xico,"Esto costar√° #iPhoneSE en M√©xico üëá

https://t.co/4ZiN0cTjcM",Positivo,68
jl_hoz,"Madrid, Spain","Procesador A13, Touch ID, dise√±o del iPhone 8 (4.7""), doble SIM, resistencia al agua, bater√≠a y c√°mara similar al i‚Ä¶ https://t.co/0pxNw0pCv6",Positivo,70
RIDNoticias,"Oaxaca, M√©xico üì© ridmxnoticias@gmail.com","#PorQu√©EsTendencia #‚É£‚ùî

üîµ #Apple es tendencia tras la presentaci√≥n del nuevo #iPhoneSE, el #smartphone m√°s econ√≥mic‚Ä¶ https://t.co/PPZS5GW28X",Positivo,73
JoiaribJoaquin,M√©xico,Apple presenta por sorpresa y de inc√≥gnito la nueva generaci√≥n de su iPhone de gama baja: el #iPhoneSE 2020.,Positivo,73
jimmunari,Lima,Apple acaba de lanzar la segunda versi√≥n del iPhone SE. Este nuevo dispositivo posee el mismo procesador del iPhone‚Ä¶ https://t.co/He5g0JUXPM,Positivo,78
proyectonovac,Venezuela.,"¬°Nuevos iPhones SE 2020! #Apple #iPhone #iPhoneSE #ProyectoNovac 

https://t.co/daIn1JhJ1I https://t.co/x8tN7jsCtv",Positivo,74
eatisep,,"Nuevo #iPhoneSE ve que quiere recuperar mercado que perdi√≥ contra los #Huawei üòú
üì±Dise√±o: iPhone 8
üì∏ C√°mara: iPhone‚Ä¶ https://t.co/8g0qUDjFIy",Positivo,79
nubesaltasbta,"Bogot√°, D.C., Colombia","HASTA KIKO LO SABE NO SEAS TAN BORREGO

@MarioRHernande1 @denuncia_bogota @TuDenunciaCL #ElGalloALaParrilla‚Ä¶ https://t.co/qzzs6cNG2r",Positivo,62
FeniXBMS,"Madrid, Comunidad de Madrid",El hermanito peque√±o de mi gran y mas adorado IPHONE el #iPhone7Plus acaba de nacer y pronto estar√° entre nosotros‚Ä¶ https://t.co/LUWEfRj0FM,Positivo,84
blodico,,iPhone SE (2020): la evoluci√≥n del smartphone m√°s asequible de Apple es promet #IPhoneSE #Precio #Ficha https://t.co/5EZpQ1v7AC #followme,Positivo,68
alfa913fm,"M√©xico, D.F","Apple anuncia la llegada del #iPhoneSE ¬øQu√© tendr√° de diferente y cu√°nto costar√°? üì±

https://t.co/lx2Iocuf0i https://t.co/dqvxEeyxbk",Positivo,65
GamesFilms_,Espa√±a,"#apple @Apple El nuevo iPhone SE, una gran idea o un error?????
#CuarentenaInteligente #YoMeQuedoEnCasa #iPhoneSE #iPhone",Positivo,81
Apperlas,Ô£ø,En nuestro canal de #Telegram ten√©is disponibles los  fondos de pantalla de que vienen con el nuevo #iPhoneSE üëâüèº https://t.co/oNu2cMNP9p,Positivo,79
Chocolatita__,,"Diosito ya queire que cambie de cel y por eso mando el #iPhoneSE, qui√©n soy yo para ir en contra de sus deseos?",Positivo,68
ElgranFaveador,,¬øQuieres o necesitas el #IphoneSE? Si respondes con la verdad estar√°s m√°s cerca de la felicidad.,Positivo,65
willbelt1,"Bogot√°, D.C., Colombia",@CaracolRadio Comprar el #iPhoneSE o hacer mercado....... dif√≠cil decisi√≥n #CoronavirusColombia #CoronaCrisis,Positivo,59
pedroaznar,"Barcelona, Espa√±a","Las primeras preguntas sobre el nuevo #iPhoneSE, contestadas! üôåüèº https://t.co/fj63BmT1xS",Positivo,84
lockoutmedia,,Esta noche a las 22:00 en IG Live anunaciamos el ganador del sorteo de Escapa en casa. ¬°No te lo pierdas! üòÑ‚Ä¶ https://t.co/C8ZTclLlON,Positivo,79
carogh4,,ok me acabo de enterar que sacaron un #iPhoneSE sustituyendo al #iPhone8 tipooooooooooo??? ya no podre vender mi ip‚Ä¶ https://t.co/lQvkfk1AtN,Positivo,70
El_Maak,"Paris, France","Bienvenue en 2015
#iPhoneSE https://t.co/aqaItq5FAi",Positivo,68
ProyectoBrujula,"Canc√∫n, Q. Roo, M√©xico","Es un hecho el nuevo #iPhoneSE ya es una realidad, y puedes verlo en la pagina oficial de #Apple, aun no tiene fech‚Ä¶ https://t.co/i07VKFrRt2",Positivo,80
the0_0disaster,"Madrid, Comunidad de Madrid","Un video impresionante sobre el NUEVO IPHONE SE DE 2020

https://t.co/MGsdY7Cd5T

#iPhoneSE #iPhoneSE2 #iphonese2020 https://t.co/Yh18Nv0trL",Positivo,80
ChristianCruzB,"Ciudad Obreg√≥n, Sonora, M√©xico","Ya lleg√≥ el nuevo #iphoneSE ¬øopiniones?

Creo que el precio ser√≠a lo m√°s atractivo. https://t.co/Ep7lJMvCGY",Positivo,78
hismeldys03,"Sosua, Dominican Republic",El nuevo #iPhoneSE es como cuando llevas a√±os tratando de que t√∫ crush te haga caso y cuando por fin lo logras por‚Ä¶ https://t.co/fMn1vipU9F,Positivo,63
dotomx,Lomas de Tecamachalco,"¬øVieron el lanzamiento del nuevo #iPhoneSE ? Queremos saber sus opiniones! 

A nosotros nos pareci√≥ una excelente o‚Ä¶ https://t.co/jOyJrzK8Qw",Positivo,82
MarcoDlMonte,"Quer√©taro, Mx - C√≥rdoba, Es ",Alguien m√°s piensa que el nuevo #iPhoneSE es el #iphone7 renovado??? https://t.co/l2A1cwFXyn,Positivo,82
24hpue,"Puebla, M√©xico","#Apple present√≥ el nuevo #iPhoneSE üì±, tiene la apariencia del 8 pero la potencia del 11.
¬øQu√© te parece?
https://t.co/Ugg2LiZrdU",Positivo,74
Naguastech,,Todo sobre el nuevo iPhone SE y porqu√© deber√≠as de comprarlo. https://t.co/Uw0k3lbGWY. #iPhoneSE #iphonese2020‚Ä¶ https://t.co/ZWWJ5b3TCA,Positivo,79
NOWReclama,,"Consumo responsable es un concepto defendido por organizaciones ecol√≥gicas, sociales y pol√≠ticas que consideran que‚Ä¶ https://t.co/HNAnTwiDJc",Positivo,67
ExpansionMx,M√©xico,"El nuevo #iPhoneSE tendr√° un menor precio, estar√° disponible en tres colores; blanco, negro, rojo y ser√° capaz de g‚Ä¶ https://t.co/8wNvgGtRcR",Positivo,76
DanOv95924214,"Bogot√°, D.C., Colombia","Enserio les parece econ√≥mico un celular de 1,563,868.53 peso colombiano? en esta crisis? son solo marca pero de cal‚Ä¶ https://t.co/HbCERfKjp8",Negativo,64
applesfera,Espa√±a,¬°Nuevo Applesfera üî¥Live ya disponible! Te lo contamos TODO sobre el nuevo #iPhoneSE: @pedroaznar y @eaala repasan s‚Ä¶ https://t.co/zqVlIhfMz2,Positivo,86
Emilian1417,En algun lugar del mundo,Comprarme el iphone 11 o el #iPhoneSE ? üò©,Positivo,67
_galder_9,sofista,ENTRE LOS QUE VOTEN AQU√ç A POTI Y ME PASEN CAPTURA SORTEO UN IPHONE 11 #IPHONESE #IPHONE #IPHONE11 IPHONE SE https://t.co/StPhm3tH6v,Positivo,72
Elbufondelfutb1,T√∫nel de vestuarios,- Sep√°rate un poco q est√°s a menos de metro y medio. #iPhoneSE #Tezanos #TierraDeNadie8 https://t.co/eEdQIzGQP9,Positivo,54
einrucken,"Vigo, Espa√±a",Sale el #iPhoneSE Se lo va a comprar su puta madre,Positivo,60
requetebu,,Que espect√°culo. Y as√≠ es como Apple hace que hasta las cosas m√°s sencillas.. sean las m√°s especiales. BOOM üí£‚Ä¶ https://t.co/A0Ml3olKaG,Positivo,61
Hormigadigital,Chile-Costa Rica-Venezuela-EEUU,"Con dispositivos como el #iPhoneXR y el #iPhone11 , #Apple ha intentado, y en gran medida logrado, hacer que alguna‚Ä¶ https://t.co/O2J7mwxKCV",Positivo,78
supergeekcl,,"As√≠ es el iPhone de bajo costo y ""retro""üì± #iPhoneSE2 #QuedateEnCasa #iPhoneSE 
https://t.co/qz1v55BGBi",Positivo,64
CarlosSanchezMX,Monterrey,"Tenemos un mes en cuarentena y faltan otros dos, d√©jame me compro el nuevo #iPhoneSE que son las sobras del‚Ä¶ https://t.co/CLQDwVreVk",Positivo,77
ImLeism,"Buenos Aires, Argentina","Bueno ahora que sale el nuevo IPhoneSE me voy a poder comprar el IPhone6 que debe estar m√°s barato 

#iPhoneSE",Positivo,85
Enterados_pe,Lima,"Conoce todas las caracter√≠sticas del nuevo #iPhoneSE , precio y disponibilidad #iPhoneSE2020 #Apple
https://t.co/PkrLbei29K",Positivo,80
Carloscastro_82,"M√°laga, Andaluc√≠a",Apple presenta el nuevo iPhone SE 2020 https://t.co/yPstcDPlDB #iPhoneSE #iphonese2020 #iPhoneSE2,Positivo,82
nohaynovela,,Nuevo #iPhoneSE !! https://t.co/2GkrC8nm5N,Positivo,84
GdlIphone,,YA SALI√ì EL iPhone SE 2020!!!!! Durante el d√≠a les estaremos dando m√°s detalles del nuevo modelito! :D‚Ä¶ https://t.co/gRs5GOx1tG,Positivo,80
GdlIphone,,Amigos! Como est√°n el d√≠a de hoy? Particularmente nosotros amanecimos con muy buena vibra y actitud! Les deseamos l‚Ä¶ https://t.co/h2Subg5dno,Positivo,86
TechneMexico,M√©xico,"Apple presenta el iPhone SE 2020: bueno, bonito y barato https://t.co/hIKiYKo58o #FelizMi√©rcoles #Noticias #Apple‚Ä¶ https://t.co/6Pq0sCiKfQ",Positivo,79
OneThingApple,,"#LoMasLeido #iPhoneSE es oficial, completo hasta en el precio #Apple

 https://t.co/4qLrL5W71m",Positivo,69
Kidd089,,"¬øPantalla de 4.7 qu√© es esto, volver al iPod touch en pleno 2020 ? Por casi 12 mil varios tienen celulares con full‚Ä¶ https://t.co/vTkSZ03yr7",Positivo,73
LRTendencias,,#Apple presenta oficialmente al nuevo #iPhoneSE 2020 econ√≥mico ‚ñ∫ https://t.co/IslXHX2IvY https://t.co/VdhpmqftkI,Positivo,79
franciscobachez,El Salvador,Como viene @Apple y lanza as√≠ por as√≠ el nuevo iPhone SE. ¬°Me encanta! üíô #iPhoneSE,Positivo,84
Gerard_HC,Torredonjimeno - Ja√©n,Esperaba bastante m√°s de este modelo.... vaya decepci√≥n @Apple #iPhoneSE https://t.co/845Q5NrN2e,Positivo,64
enfasisnoticias,Ciudad de M√©xico,"#Ent√©rate 

@Apple presenta su nuevo #iPhoneSE; el m√°s econ√≥mico de toda su gama de smartphones. Posee diversas car‚Ä¶ https://t.co/YLpCCdqARm",Positivo,82
RICARDOCOTTA,"MEXICO CITY, MX","Apple lanza hoy los nuevos #iPhoneSE con precios para M√©xico desde los $10,999 https://t.co/Il6mHNi9wt",Positivo,80
A_iPhone,,"El nuevo iPhone SE incluye WiFi 6 y soporte para tarjeta Express, pero no lleva el chip U1: Bueno, despu√©s de tanto‚Ä¶ https://t.co/xBErZOhKqI",Positivo,83
ANRDVZ,,Mucha gente est√° tirando demasiado hate en contra del nuevo #iPhoneSE sin darse cuenta que lo que est√°n intentando‚Ä¶ https://t.co/zQAmptYDQR,Positivo,76
Risc2m,,"@Apple tan dif√≠cil era hacer algo as√≠??? #iPhoneSE cero innovaci√≥n.... #desilusion no lo comprar√©, lo quer√≠a para t‚Ä¶ https://t.co/kyN1PwkPS6",Positivo,64
ReformaGadgets,M√©xico,"Con ustedes, el nuevo #iPhoneSE https://t.co/QNxWw5wMF6",Positivo,81
Digital_Too,"Miami, Florida","Apple revel√≥ el iPhone SE: conoce sus carecter√≠sticas 

https://t.co/hhOD5J3XH3

#iPhoneSE #Apple #iPhone #iPhoneSE2 https://t.co/7z1IDhc9kp",Positivo,70
Albertrl,M√©xico D.F,Ser√° prudente comprar el nuevo #iPhoneSE ü§©ü§©ü§©,Positivo,85
Risc2m,,"@Apple tan dif√≠cil era hacer algo as√≠??? #iPhoneSE cero innovaci√≥n.... #desilusion no lo comprar√©, lo quer√≠a para t‚Ä¶ https://t.co/JBI3eYJDZW",Positivo,64
AnzonyReyes,,#IphoneSE lo nuevo de @Apple https://t.co/oeUhO5RFC4,Positivo,83
jorgeml81,"Tabasco, M√©xico",Que onda con #apple y su muy retro #iPhoneSEüì± cuando saldr√° del 2010 ?,Positivo,66
Geeknetic,Spain,"Apple ha anunciado el nuevo #iPhoneSE, un modelo renovado con el SoC #A13Bionic y una pantalla Retina HD de 4.7"". S‚Ä¶ https://t.co/XD3IKsypFS",Positivo,77
cactus24noticia,"Punto Fijo, Falc√≥n",#15Abr #Tecnologia ¬°El #iPhoneSE 2020 ya es oficial! el m√≥vil m√°s barato de #Apple https://t.co/V06T90jFHR https://t.co/J02cPaTtDY,Positivo,69
camilolondonoz,"Monterrey, Nuevo Le√≥n",¬øSer√° un buen momento para lanzar el #iPhoneSE ? ü§î,Positivo,83
Hgarram,,"El nuevo #iPhoneSE 2020.
-
Costos en M√©xico
64GB: $10,999 
128GB: $11,999
256GB: 14,499 https://t.co/ZdLCRjZMbD",Positivo,76
JoseLuisChamo,Andaluc√≠a (Espa√±a),Muy interesante el nuevo #iPhoneSE,Positivo,91
ramsesm78,,"Precio del nuevo #iPhoneSE en #M√©xico 
- 64GB = 10.999 pesos
- 128GB = 11.999 pesos
- 256GB = 14.499 pesos https://t.co/4xRXEQmsK3",Positivo,75
martinsidra400,Asturias,"#Apple lo ha hecho por sorpresa y sin ning√∫n anuncio anterior.
A bote pronto tiene muy buena pinta, el enlace te mu‚Ä¶ https://t.co/OJX7yws9ax",Positivo,80
DigitalTrendsEs,"Portland, OR",#iPhoneSE : #Apple fulmina la gama media con su propia medicina https://t.co/MlBkov8OxI https://t.co/i5bGRLBjM1,Positivo,71
GoldFran,"37.3953,-5.988819","[OPINI√ìN] Apple presenta el iPhone SE 2020, el m√°s econ√≥mico de la historia!!! https://t.co/ZSneQIpGNr #iPhoneSE‚Ä¶ https://t.co/0xGnYpVkRZ",Positivo,72
aldzalamea,"London, England","#iPhoneSE 2020, resumen r√°pido:
‚úÖ Potencia, c√°mara, software
‚ùå Un dise√±o horrible, pantalla rid√≠culamente enana",Positivo,62
damidubs,"Guayaquil, Ecuador","Lo que m√°s me convence es que es peque√±o y poderoso, lo turro es que no tiene al menos otra c√°mara, la del s√∫per gr‚Ä¶ https://t.co/yurNcFCVdO",Positivo,63
Aura_,M√©xico,"¬øLes emociona el nuevo #iPhoneSE?
Es el m√°s econ√≥mico de la marca y su precio es de 10,999 pesos.
https://t.co/pBPvgqmFaI",Positivo,80
adrylahoz_,,"Ya disponible el #iPhoneSE (supuesto iPhone 9). Creo que ha sido buena idea lanzar √©ste dispositivo, para todos aqu‚Ä¶ https://t.co/WtdJQ3onwm",Positivo,78
Nachom3,Madrid,Mientras tanto @Apple saca a la venta nuevos accesorios y el iPhone SE totalmente renovado pero claro... m√°s de lo‚Ä¶ https://t.co/a8964jjw8r,Positivo,74
sabesmacqnadie,En el ciberespacio,Si piensas comprarte el #iPhoneSE te recomiendo la versi√≥n (PRODUCT)RED al estar al mismo precio que los otros y co‚Ä¶ https://t.co/HCayju9KCO,Positivo,64
soyeldamm96,"Monterrey, Mexico","Nuevo iPhone ha llegado. El reemplazo del 8, #iPhoneSE. 

Y m√°s barato... en M√©xico los precios son:

* 64GB = 10.9‚Ä¶ https://t.co/dhnsSzYlkA",Positivo,78
jjjosealf,Everywhere,Una presentaci√≥n silenciosa. Un nuevo tel√©fono. Un nuevo iPhone. Una empresa que logra cambiar la tem√°tica del time‚Ä¶ https://t.co/OU1t0aapPc,Positivo,86
sejoluis,Madrid,Al parecer empieza una competencia por abarcar ese nuevo mercado global qu√© deber√° tener precios bajos! #COVID19‚Ä¶ https://t.co/VK1bWydngB,Positivo,76
tyamhd,M√âXICO,Conozcan los nuevos #iPhoneSE https://t.co/Jjl2aQ8o4F,Positivo,76
javier_rd_,"El Prat de Llobregat, Espa√±a",@Apple aun tiene que hacer cambios en su web. El iPhone 8 sigue estando en vez del nuevo #iPhoneSE‚Ä¶ https://t.co/RZjQVEfexS,Positivo,73
ArroyoDonateR,,Habemus nuevo #iPhoneSE,Positivo,86
antoniorentero,Murcia (Espa√±a),"Flipando con el nuevo #iPhoneSE #iphonese2020

Desde 489 ‚Ç¨ con 64 Gb. Con el procesador A13 Bionic (¬°el del iPhone‚Ä¶ https://t.co/3nmtBPhTbn",Positivo,79
atodochip,"Madrid, Spain",Vaya tama√±o interesante #iPhoneSE = +- #iPhone7 https://t.co/qaQ4n0suHq,Positivo,75
x_tarrago,"Caldes de Montbui, Espa√±a","Me parece un acierto total las carcter√≠sticas que ofrece el nuevo #iPhoneSE (2020). Una pantalla de 4,7"" es un acie‚Ä¶ https://t.co/IiXHTXDmXc",Positivo,73
MarcoDaCostaFX,StocksLand üíµüõ¢üîã‚õΩÔ∏è,$AAPL üì±#Apple saca el #iPhoneSE a 399 d√≥lares ante la par√°lisis econ√≥mica por el #coronavirus ü¶† - #Bolsa #Nasdaq‚Ä¶ https://t.co/G5qpoXdqQz,Positivo,66
TendenciasTech,"Minnesota, USA","#Tecnolog√≠a - El nuevo #iPhoneSE de Apple ya est√° aqu√≠ y √©stas algunas de sus especificaciones:

 4.7 pulgadas (par‚Ä¶ https://t.co/SoE6vVoHlX",Positivo,78
TendenciasTech,"Minnesota, USA",#Tecnolog√≠a - A las 13:00hrs tendremos un LIVE en Facebook para hablar y resolver todas sus dudas sobre el nuevo‚Ä¶ https://t.co/AqU92LJfj5,Positivo,78
Mr_RivMort,Espa√±a,Pegado al directo de @applesfera con @pedroaznar y @eaala para ver la primeras impresiones de la salida del nuevo‚Ä¶ https://t.co/8AH4gbRcs4,Positivo,86
Charleeyya,Perfil personal.  Relax ,"Lo hab√≠a dado por muerto pero el #iPhoneSE regresa y en plena contingencia. Por su precio de 10,000 pesos podr√≠a, e‚Ä¶ https://t.co/GI0E4joAWw",Positivo,59
Cinecoolvalley,Manchester Reino Unido,Nuevo Iphone SE. Me llam√≥ la atenci√≥n que es dual sim. Espero que sea para todos los pa√≠ses. Su m√°xima capacidad es‚Ä¶ https://t.co/n02WkyrNY4,Positivo,83
planner_code,,Lanzamiento del tan esperado iPhone asequible (#iPhoneSE) y de los nuevos teclados con trackpad para los #iPadPro.‚Ä¶ https://t.co/imE4cMxxIh,Positivo,71
parentesis,M√©xico,A las 13:00hrs tendremos un LIVE en Facebook para hablar y resolver todas sus dudas sobre el nuevo #iPhoneSE https://t.co/JCYI0oVhcj,Positivo,78
NachoVicenteG,"Valencia, Espa√±a",Se queda. #iPhoneSE #sequeda https://t.co/HJZk2M4igo,Positivo,65
sabio28,"Cd Ju√°rez - Dallas, Texas","Apple lanza un nuevo iPhone m√°s barato en medio de la crisis global. 
Apple presenta su m√°s reciente iPhone: un mod‚Ä¶ https://t.co/i8BdYYzruu",Positivo,59
hugo23oc,,El #iPhoneSE es un iPhone 8 tuneado... eres perverso Apple...,Positivo,66
SrVaryado,"Callao, Per√∫",".@Apple present√≥ el nuevo #iPhoneSE. Muy parecido al 8, pero con el nuevo procesador #A13Bionic y cambios que se de‚Ä¶ https://t.co/Td6D4ha0HE",Positivo,85
JulioArmijos,GYE,"Resulta que @apple ha lanzado un nuevo iPhone 7 con nuevo nombre y carga inal√°mbrica

#iPhoneSE https://t.co/CjCrmgDevR",Positivo,84
ferropiposo,Tomorrowland,"Nuevo iPhone SE: 

Chip A13 Bionic
Carga inal√°mbrica / WIFI6
Compatible con modo retrato 
Pantalla retina HD 4.7 pu‚Ä¶ https://t.co/EYfvyPrhHK",Positivo,75
Viatea,prensa@viatea.es,"El nuevo #iPhoneSE es un iPhone 8 por fuera y un iPhone 11 Pro por dentro ü•∞

Te invitamos a conocer todos los detalles üîΩüîΩ",Positivo,75
JPsosa,"Quer√©taro Arteaga, M√©xico","Lanazamiento del #iPhoneSE as√≠ como los nuevos de @HuaweiMobileMx @SamsungMexico @MxApple me hacen preguntar
¬øQuien‚Ä¶ https://t.co/e3vZzCKyDC",Positivo,72
AnaFariasSe,,"Nuevo iPhone SE: 

Chip A13 Bionic
Carga inal√°mbrica 
Compatible con modo retrato 
Pantalla retina HD 4.7 pulgadas‚Ä¶ https://t.co/cP3HpHBkvQ",Positivo,76
gglomener,"Madrid, Espa√±a",Te gustar√° m√°s o menos el nuevo #iPhoneSE pero el v√≠deo es canela fina üòú https://t.co/IWNuYzNlW6,Positivo,76
Hgarram,,Con ustedes el nuevo #iPhoneSE üëåüèº https://t.co/IOdw2yTDSh,Positivo,81
Lucenaco_,"Jerez de la Frontera, Espa√±a",Apple y como cargarse un pedazo dd tel√©fono con marcos de 2015 #iPhoneSE,Positivo,64
_augustou,"Monterrey, Nuevo Le√≥n",Necesito ese #iPhoneSE en mis venas.,Positivo,66
ParkBero,"Barcelona, Catalunya",Me lo iba a comprar pensando que tendr√≠a el frontal blanco... Pero en negro es como no gracias. @Apple #iPhoneSE https://t.co/Krmnc5khbh,Positivo,84
SirDiegoChi,M√©xico,El nuevo #iPhoneSE cuesta en M√©xico $11 mil pesos üòÇ Es pr√°cticamente lo mismo que el #iPhone8 de 2017 s√≥lo que con‚Ä¶ https://t.co/3OYeCMvzGx,Positivo,77
anagadd,,es en serio? pantalla de marco negro hasta para el color blanco? #iPhoneSE,Positivo,55
sabesmacqnadie,En el ciberespacio,"¬°Hola #iPhoneSE, adi√≥s iPhone 8! ...y quiz√°s iPhone XR ü§î https://t.co/M74lxdbE0S",Positivo,74
gadgerss,"Lima, Per√∫","#Apple presenta el nuevo #iPhoneSE, con chip A13 Bionic por US$ 399 https://t.co/V6yVlt0aEo https://t.co/vx5mzHnO8d",Positivo,78
eduarock28,Lima,"#Apple presenta el nuevo #iPhoneSE, con chip A13 Bionic por US$ 399 https://t.co/5C27fawfYi https://t.co/RNsavXenNu",Positivo,78
applesfera,Espa√±a,"Especial Applesfera üî¥Live sobre el #iPhoneSE, con @pedroaznar y @eaala... ¬°En 10 minutos! 

Justo aqu√≠:‚Ä¶ https://t.co/vRZCRmfG3y",Positivo,77
Saulv83,"Culiac√°n, Sinaloa",El nuevo #iPhoneSE  mas economico de 64 GB 11mil pesos y es barato segun....,Positivo,75
Caracol_Cali,Cali Colombia,"#CaliEsCaracol | #Tecnologia üì±#Apple Lanz√≥ su nuevo #iPhoneSE, ser√° entregado a domicilio despu√©s del 24 de abril,‚Ä¶ https://t.co/GzuedQG0WQ",Positivo,79
aboutsabela,"Barcelona, Spain","iPhone ""barato"" los cojones! Pero barato DE QU√â? DE QU√â!?!? 489 EURAZOSüò±üòµ

#iphonese2020 #iPhoneSE https://t.co/Sr4s5GJkKS",Positivo,68
carlosortegon6,"Merida, Yucatan","F, no sacaron #iPhoneSE de 5.5""",Positivo,61
adrianmillon,"Palma, Espa√±a",Qu√© bien lo ha hecho apple. Ese #iphoneSE es una bestia por dentro y viene con un precio razonable.,Positivo,70
javier_rd_,"El Prat de Llobregat, Espa√±a",El marketing de Apple en espa√±a es maravilloso con el iPhone SE. #Apple #iPhoneSE https://t.co/gfvy3now1V,Positivo,66
iJordiTech,,No puedo estar m√°s de acuerdo. El #iPhoneSE se va a vender much√≠simo. https://t.co/ugl0hcLdgE,Positivo,55
chacho_alvarez,"M√©xico, no se burlen",Y pues que #apple saca un NUEVO #IPhoneSE https://t.co/D1Uh5Sz3yH,Positivo,84
Anjocaba,"Monter√≠a, Colombia",El nuevo #iPhoneSE es un iPhone 8 versi√≥n mejorada. En $400us se deja comprar. üì± https://t.co/AINQwgWkxJ,Positivo,78
Andermede30,Estados Unidos,"Finalmente @Apple ha dejado ver su iPhone SE (2) con dise√±os que ya conoc√≠amos y muy similar al iPhone 8. 
Ahora in‚Ä¶ https://t.co/abu6qHViMi",Positivo,68
evil_misterio,en alg√∫n lugar no muy lejano..,"De nuevo apple sac√°ndose una de la  manga, de un producto antiguo integrando un software de nueva generaci√≥n, a un‚Ä¶ https://t.co/sqExbXMuAm",Positivo,83
PrimiumCM,M√°laga,"iPhone SE (2020): el ""iPhone 9"" barato de Apple. Recupera el TouchID y ofrece un A13 Bionic por 489 euros.‚Ä¶ https://t.co/bpiAJUmV4z",Positivo,64
unmundosmart,,"Apple acaba de anunciar el #iPhoneSE  2020 te contamos sus especificaciones y novedades, abrimos hilo.. https://t.co/v0uRW6lfgV",Positivo,59
luismesacabello,üìå Andaluz en Catalunya,Apple te quiere vender en pleno 2020 un m√≥vil con m√°s marcos que el Museo del Prado. #iPhoneSE,Positivo,65
javipez,M√°laga,"Nuevo #iPhoneSE de Apple: 

‚Ä¢ Procesador A13 Bionic (el mismo que el iPhone 11 Pro).
‚Ä¢ Mantiene bot√≥n de inicio (co‚Ä¶ https://t.co/YxmJNVRQxm",Positivo,76
futurosofia1,"Barcelona, Espa√±a",El #iPhoneSE fabricado por Delos. Welcome to #Westworld https://t.co/zLoyzVwGv9,Positivo,72
damiantiscornia,,"#iPhoneSE #iPhone9 ya esta ac√° 
https://t.co/gxXJzGSj2l",Positivo,68
Naguastech,,A13 Bionic es el nuevo procesador del iPhone SE y con un dise√±o similar al antiguo iPhone 8. #iPhone9 #iPhoneSE‚Ä¶ https://t.co/SvtBZ0mVMO,Positivo,78
gglomener,"Madrid, Espa√±a",Perlitas en texto que solo se permite Apple‚ù§Ô∏è#iPhoneSE https://t.co/4O3a7KVvK5,Positivo,56
ojbaeza,"San Juan de Alicante, Espa√±a","Estaba preparando un hilo comentando temas relacionados con el lanzamiento del #iPhoneSE y tal. BOOORING. 
Os lo re‚Ä¶ https://t.co/2UT5CdHZHO",Positivo,75
jmanuelcarrion,,"Apple presenta iPhone SE de segunda generaci√≥n, el m√°s econ√≥mico de la marca https://t.co/uZda3p4zzp @Apple‚Ä¶ https://t.co/y7WmlvBWHK",Positivo,72
pedroaznar,"Barcelona, Espa√±a","El seguimiento al DETALLE que hemos hecho en @applesfera del #iPhoneSE. Toda la info posible est√° aqu√≠:

‚ñ∂Ô∏è‚Ä¶ https://t.co/HJDw0AaMzK",Positivo,70
tecnofanatico,,iPhone SE ya est√° aqu√≠. https://t.co/FjQr1JU0Ro. #iPhoneSE #iPhoneSE2020,Positivo,70
jais_7,"√úT: 39.130476,-76.905142",Quiero el rojo #iPhoneSE https://t.co/BmF96QBdw8,Positivo,77
ProfeJuAntonio,"Arica, Chile",Todos los cr√©ditos a Jon üò± el primero en confirmar la fecha oficial de salida de este nuevo #iPhoneSE https://t.co/Ym2TH2S3sG,Positivo,80
pedroaznar,"Barcelona, Espa√±a","#iPhoneSE (segunda generaci√≥n, 2020) muy buenas lecciones aprendidas:

- Dise√±o que Apple domina, Touch ID como alt‚Ä¶ https://t.co/RxQM6kiZJq",Positivo,76
liderAndroide,,"Aqu√≠ con mi #iPhoneSE 2020 no me digan que un iPhone 8 rojo .... ENVIDIOSOS üòÇü§£

Nuevo #iPhone : ES LO MISMO, PERO D‚Ä¶ https://t.co/6chSK7KB2j",Positivo,78
RioT_PL,"Katowice, Poland",Aaale nadal do #iPhoneSE üòÇ https://t.co/u9S1H3PvxE,Positivo,72
JacobElVeneco,Latinoamerica,"'Apple a lanzado los nuevos #iPhoneSE y bueno, son aparentemente m√°s econ√≥micos pero a√∫n son 2 palos wey, aunque po‚Ä¶ https://t.co/e4CKcY8oC2",Positivo,78
Embi41,"Madrid y Albacete, Espa√±a","¬øQuer√©is saber todo sobre el nuevo #iPhoneSE? Por aqu√≠ un resumen:
https://t.co/QXNHFSpAy7",Positivo,80
Naguastech,,"D√©mosle la bienvenida al nuevo iPhone SE, con caracter√≠sticas similares al iPhone 11 Pro, el regreso del TouchID y‚Ä¶ https://t.co/Unrh9bciDi",Positivo,80
datainfox,Ecuador,"#iPhoneSE 2020: as√≠ es el smartphone m√°s asequible de Apple
https://t.co/Lno77MjFTl",Positivo,67
JonTorrenegra,Colombia,"Llego el momento de cambiar mi amado y viejo Iphone SE, por su segunda generaci√≥n! 
https://t.co/86Y6CXUw3d
#iPhoneSE @Apple",Positivo,68
Lohar,Ciudad de M√©xico,"S√≥lo iPhone es capaz de lanzar un iPhone de 4.7 con Touch ID en pleno 2020. ¬øY saben algo? Va a ser un trancazo, ya‚Ä¶ https://t.co/WcR4pAuOHO",Positivo,74
liderAndroide,,@MannyUceta Ya lo tengo mira ü•± .... Pero t√∫ dir√°s que no es un #iPhoneSE 2020 ....dir√°s qu√© es un iPhone 8 .... Ya‚Ä¶ https://t.co/6wT2lOMRmt,Positivo,69
KrunsPanchal,"Ahmadabad City, India","iPhone SE 2020
#iphonese #iphonese2 #iphone9 #shotoniphone #iphoneevent @ Ahmedabad, India https://t.co/nwKeLpOv3N",Positivo,67
serraldino,Ciudad de M√©xico,"Apple lanz√≥ un nuevo iPhone SE, con el coraz√≥n del 11 Pro pero el cuerpo del 8. 
¬øQui√©n, de verdad, va a querer com‚Ä¶ https://t.co/Gag1rD0won",Positivo,76
pedrostmr,üåçüá™üá∏,¬øDe d√≥nde sacar√° Apple Espa√±a los precios de sus productos? Porque haces el cambio a dollars y te da incluso m√°s ca‚Ä¶ https://t.co/FFfa0HXXSB,Positivo,63
pedroriplis,"Badalona, Catalunya",Momento perfecto para cambiar de iPhone al #iPhoneSE,Positivo,68
SweetDayiss,Estado de M√©xico,"Lo esper√© mucho, pero creo que me est√° decepcionando la c√°mara #iPhoneSE https://t.co/mIkj5CVxCM",Positivo,64
aligrouphifi,Mexico City,"Apple lanza al mercado el renovado #iPhoneSE. El tel√©fono inteligente de precio m√°s accesible con A13 Bionic, el ch‚Ä¶ https://t.co/wGP1RTMdCm",Positivo,67
comar_torrijos,,"Que comprar√≠an en este momento del 2020? 

#iphoneSE 
#iPhoneSE2020 
#xiaomi #RedmiNote9s",Positivo,65
__Stereotipo,"Distrito Federal, M√©xico",#apple recicla m√°s modelos que ustedes a sus ex. #iPhoneSE,Positivo,54
angeadz,Death Star,"Lo que me gusta del #iPhoneSE es el tama√±o ‚ù§Ô∏è
https://t.co/GPXUF53QLz",Positivo,75
Ecomputer_,WALQA,"üì£ #Apple acaba de lanzar el nuevo #iPhoneSE que une el chip m√°s potente de la marca, el tama√±o de iPhone m√°s popula‚Ä¶ https://t.co/VRrPYjITg4",Positivo,79
losconocedores,,Un poco de #tecnolog√≠a Este es el nuevo #iPhoneSE 2020: im√°genes y video https://t.co/jpRidV8v4V,Positivo,80
fernanditoccs,Venezuela,@apple #apple #iPhoneSE #iphone en verdad relanzar el modelo 8 y que ellas personas paguen m√°s de 400$ solo por el‚Ä¶ https://t.co/tcBtdAZc3z,Positivo,63
rewisormag,"Madrid, Comunidad de Madrid","El modelo m√°s econ√≥mico de la compa√±√≠a de la manzana llegar√° en abril por un precio de 399$:

""Apple anuncia un nue‚Ä¶ https://t.co/iiJRcYGkV4",Positivo,66
Andro_UY,Uruguay,"Oficial el nuevo iPhone SE 2020! 
Chip A13 del iPhone 11, el cuerpo de un iPhone 8, todo por USD 400!, un precio mu‚Ä¶ https://t.co/6u39ZW4g3f",Positivo,77
Michoacaneando,,"Apple acaba de anunciar su nuevo #iPhoneSE, sin duda un digno rival para alcatel.",Positivo,75
Santillanes,M√©xico,El nuevo #iPhoneSE llegar√° a los que lo compren en preventa en EU el 24 de abril https://t.co/NsROkpr8Ek,Positivo,80
tykheideas,,"#Apple revela un nuevo #IphoneSE a $399 de manera inesperada

$AAPL -1.59% https://t.co/1ZQiB6vIq1",Positivo,79
Ktuin,Espa√±a,"Nueva generaci√≥n #iPhoneSE , seguro que ya os suena ese nombre‚ö°Ô∏è
Un tel√©fono con especificaciones de iPhone 11 Pro‚Ä¶ https://t.co/neYWYWJ30e",Positivo,78
AldoM_Gtz,"Quer√©taro,M√©xico",El nuevo #iPhoneSE es un iPhone 8 renovado pero teniendo menos variedad en colores pero que tiene la potencia de lo‚Ä¶ https://t.co/6CL8I8My9o,Positivo,78
TendenciasTech,"Minnesota, USA",#Tecnolog√≠a - ¬øDespertando? Apple acaba de presentar el #iPhoneSE ¬øQu√© te parece? #Noticias https://t.co/WWUzWPDsZx https://t.co/Ha1Of65qpz,Positivo,63
Pacho_Bernate,"Bogot√°, D.C., Colombia","#Apple lanza fundas de cuero y silicona para el nuevo #iPhoneSE, con un precio desde $ 35 d√≥lares‚Ä¶ https://t.co/cQfskf6f3T",Positivo,78
XatakaMexico,M√©xico,"En cuanto a precios del #iPhoneSE en üá≤üáΩy üá∫üá∏:

üíæ 64 GB üí∏ 10,999 pesos / 399 d√≥lares
üíæ 128 GB üí∏ 11,999 pesos / 449 d√≥‚Ä¶ https://t.co/WTPm2yQqjc",Positivo,64
XatakaMexico,M√©xico,"üí• El nuevo #iPhoneSE de Apple ya est√° aqu√≠ y √©stas algunas de sus especificaciones:

üì± 4.7 pulgadas (parece iPhone‚Ä¶ https://t.co/PNUV35eEfU",Positivo,74
liderAndroide,,Aqu√≠ con mi nuevo #iPhoneSE 2020 ü•± pero ustedes todos como son unos envidiosos dir√°n que es un #iPhone 8 ya lo s√© üòÇü§£ https://t.co/s8LhUrgqwc,Positivo,78
mudo_,"Derry, Maine",Urge el #iPhoneSE 2 en coppel pero ya!,Positivo,62
grangerar,PARAGUAY,El nuevo Iphone SE 2. #apple #iPhoneSE https://t.co/lXVnULB8xS,Positivo,82
AldoM_Gtz,"Quer√©taro,M√©xico",Pues todo se confirmado con @Apple con el nuevo #iPhoneSE que sigue siendo un iPhone 8 con muchas mejoras y que por‚Ä¶ https://t.co/cNkZgWU6Wg,Positivo,83
APPerlasMiguel,,"Pues ya lo tenemos aqu√≠, el #iPhoneSE de 2020. Que os parece ?? A mi me fascina lo de ‚Äúnuevo‚Äù ü§£ü§£ #Apple #iOS‚Ä¶ https://t.co/48y2xVTq4X",Positivo,76
pedroaznar,"Barcelona, Espa√±a","Os prometo que acabamos antes de los aplausos ;)

#iPhoneSE is here! https://t.co/z2QdTziQUa",Positivo,68
ViaTecnologica,Rep√∫blica Dominicana,"Quienes estaban a la espera de un iPhone asequible, aqu√≠ lo tienen ya: #Apple introdujo hoy la segunda generaci√≥n d‚Ä¶ https://t.co/biD7xG4iAj",Positivo,75
Vicente3232,Madrid,üôã‚Äç‚ôÇÔ∏è GeekFlowers Ô£ø ¬°Ya est√° aqu√≠ el nuevo iPhone SE 2020! https://t.co/PYp2FPpUt1 S√≠gueme en mi IG üëâ@geekflowers__‚Ä¶ https://t.co/Lj23yH7TLp,Positivo,79
Macworldes,,"¬°El nuevo iPhone SE ya est√° aqu√≠! Apple acaba de anunciar un nuevo iPhone de 4,7 pulgadas por 489 euros. Te contamo‚Ä¶ https://t.co/8bwO7huPKj",Positivo,79
tecnotrenes,,"Apple lanza su m√≥vil m√°s esperado, el iPhone SE (2020): un smartphone compacto que llega con TouchID, procesador A1‚Ä¶ https://t.co/FbZK964LqK",Positivo,68
rommelyg,"Lima, Per√∫",#iPhoneSE del 2020 regresa con su modelo tradicional: lector de huella y grandes b√≠seles. Si precio es de 399 d√≥lar‚Ä¶ https://t.co/Bo1Wh7zung,Positivo,67
myychooh,"Guadalajara, Jalisco",Est√° hermoso en Rojo! #iPhoneSE https://t.co/XFz0TkKsCF,Positivo,71
liderAndroide,,"#Apple saco del almac√©n todos los iPhone 8 que no vendieron en el 2017 y le cambiaron el nombre , ahora de llaman‚Ä¶ https://t.co/hK8OFDhS9d",Positivo,64
ihatemygvel,,Oficial el #iphoneSE https://t.co/uJoQdRA60k,Positivo,69
javielon95,,"Con el precio que tiene y el procesador que lleva es muy buena opcion, ya que comparte el mismo chip que los iPhone‚Ä¶ https://t.co/ffDtlfAZ3a",Positivo,74
iShop_Mixup,Mexico,"Hoy #Apple anunci√≥ el lanzamiento del #iPhoneSE segunda generaci√≥n, desc√∫brelo en iShop, ¬°Muy Pronto! 

https://t.co/6A2oq9lg1k",Positivo,78
moshlsd,Villahermosa,El nuevo #iPhoneSE es una puta burla,Positivo,79
danyeltinajero,M√©xico,"En mi opini√≥n el #iPhoneSE es un gran tel√©fono. El chip es el m√°s reciente, cumple con funciones y el precio es muy‚Ä¶ https://t.co/0SHnp8pjvT",Positivo,79
Pacho_Bernate,"Bogot√°, D.C., Colombia","V√≠deo promocional de #Apple para el nuevo #iPhoneSE 

https://t.co/EC85SnYmGQ https://t.co/blE0N7jirc",Positivo,79
sopitasfm,CDMX,"Vayan rompiendo el cochinito porque Apple acaba de anunciar el nuevo #iPhoneSE y se ve espectacular üòçüì±

https://t.co/3hHb1RC3Dy",Positivo,79
kikeSalazar__,,Mi esp√≠ritu fanboy quiere despertar. #Apple #iPhoneSE https://t.co/EDIjSS5fLO,Positivo,67
mcabreraj,Madrid,"Ahhhh que el de 256gb vale 660 euros, que baratoooooo, pero es Apple dir√≠an sus amantes. #camelogiageek‚Ä¶ https://t.co/Edk6IK8AB6",Positivo,59
unocero,"M√©xico, D.F.","¬°Paren todo! 

No podemos creer lo que costar√° el nuevo #iPhoneSE 

https://t.co/2exSDW8MFj",Positivo,80
CristoVQ,Las Palmas de Gran Canaria,"‚ÄúApple solo saca cosas para rico son muy c...‚Äù 
#iPhoneSE https://t.co/Oq1uPiOCcT",Positivo,59
mcabreraj,Madrid,"Ahh por cierto, dise√±o renovado! A no... Que es de hace varios a√±os, 64gb 2 gb de ram y 500. Es APPLE!‚Ä¶ https://t.co/Af86DQGkib",Positivo,61
danyeltinajero,M√©xico,Tenemos nuevo #iPhoneSE https://t.co/9gojhtNQUi,Positivo,84
vivo247ok,Argentina,#Tecnolog√≠a @Apple lanz√≥ el nuevo #iPhoneSE 2020: m√°s potente y econ√≥mico. Im√°genes y video https://t.co/uQCLawxEHi,Positivo,78
vicneofigo,espa√±a,"El nuevo iPhone SE 2020 va a ser el tel√©fono m√°s vendido de Apple, es un precio de introducci√≥n al mundo Apple a√∫n‚Ä¶ https://t.co/8yTHle2k3H",Positivo,80
JuanantoGil,"Extremadura, Espa√±a",Ya estoy comprando el nuevo #iphoneSE. Es para un amigo. üòÖ https://t.co/wCUWXt0RNv,Positivo,87
green__tech,,"Se viene se viene...
#iPhoneSE",Positivo,65
Eliudcmg,"Distrito Federal, M√©xico","Es oficial Apple lanza nuevo #iPhoneSE con un precio desde los $10,999 lo cual lo hace muy atractivo. 
‚Ä¢ Carga inal‚Ä¶ https://t.co/XKi6d7aPpq",Positivo,76
Verownika,Barcelona,Grabando v√≠deo y preparando sorteo para mis seguidores en Youtubeüòé ¬øQu√© color quer√©is? #iPhoneSE #Verownika https://t.co/2bena4WgSh,Positivo,77
NicoMerloCab,"San Francisco, Cba, Arg.",Muy cheto el nuevo #iPhoneSE ü§©,Positivo,86
Vicente3232,Madrid,"üôã‚Äç‚ôÇÔ∏è GeekFlowers Ô£ø Ya est√° aqu√≠ el Nuevo #iPhoneSE 2020 https://t.co/q8rq5FpeyY
S√≠gueme en IG üëâ@geekflowers__‚Ä¶ https://t.co/aCWE2jsAk7",Positivo,78
DrVelasquez,Tegucigalpa,¬øYa vieron en nuevo y super econ√≥mico #iPhoneSE ? @Apple https://t.co/yKfbrpQoET,Positivo,81
audivampion,Ciudad de M√©xico,"Creo que el #iPhoneSE no vale la pena,a menos que de verdad te gusten los iPhone compactos... https://t.co/fHISrNUYJn",Positivo,57
Santillanes,M√©xico,Desde 10 999 pesos hasta 14 mil 499 los precios del nuevo #iPhoneSE https://t.co/wnNLoqkSoB,Positivo,81
migunlocker,"√úT: 10.69381,-71.600178","El nuevo iPhone SE anunciado para este 24 de abril que les parece ??
.
.
.
.
#Apple 
#iPhoneSE 
#Iphone https://t.co/ZJYMqBGcgo",Positivo,76
sopitas,Mexico,AH PRRO! As√≠ es el nuevo #iPhoneSE y todas las novedades que trae üò≤üì± https://t.co/dkaKCzGfb7,Positivo,82
TECH_cetera,America,Con ustedes el (nuevo) #iPhoneSE https://t.co/xwI9Fd02tm,Positivo,81
territorimac,Badalona - Copenhaguen,"üì±üòç Nuevo #iPhoneSE de @Apple: Gran potencia a precio asequible.
https://t.co/MYYwGajVIh
#AppleFans https://t.co/gMwpzjH1vN",Positivo,85
ORamosBets,Telegram @Orbets ,"¬øPero que porquer√≠a es esta @apple? 

500‚Ç¨ por un m√≥vil de regreso al pasado... el #iPhoneSE no tiene valor ninguno‚Ä¶ https://t.co/GAUOC4cFkQ",Positivo,66
paaulmarcc,"Barcelona, Espa√±a",La persona que haya hecho el art√≠culo del #iPhoneSE2 #iPhoneSE se merece un ascenso @Apple https://t.co/GPAm271W5G,Positivo,66
LucasRTito,"Rio de Janeiro, Brasil","iPhone SE - Espec√≠ficos 

https://t.co/X1YaWLA5ef #Apple #iPhoneSE",Positivo,70
cesarsalza,"San Francisco, CA","El nuevo #iPhoneSE est√° aqu√≠: 
üì≤ 4.7 pulgadas 
üíæ 64, 128 y 256GB
üì∏ 12 megapixeles: retrato y video 4K
üîãLa del iPhon‚Ä¶ https://t.co/6kSHF5iUMS",Positivo,77
juanjuez,"39.562067,2.623831","Esperaba que sacaran tambi√©n una versi√≥n plus en este nuevo #iPhoneSE , pero aun todo me sigue pareciendo una opci√≥‚Ä¶ https://t.co/RpyIMwLLR3",Positivo,69
datogeek,Costa Rica,"#Apple presenta el #iPhoneSE 2020: procesador A13, m√∫ltiples colores y un precio rompedor https://t.co/0ym4MnfvNQ",Positivo,69
darling_lopez,,Iphone lanza la segunda generaci√≥n del #iPhoneSE se llamar√° #iPhoneSE2 #iphonese2020 https://t.co/Dkkjfd3L2o,Positivo,71
jordicolom98,Madrid - Barcelona - Mallorca,Mucho IPhone Por Menos ‚ú® #Apple #iPhoneSE #Developers https://t.co/8LAXV7cBng,Positivo,63
esfera_iphone,Barcelona - Espa√±a,"Apple presenta el nuevo #iPhoneSE, con chip A13, pantalla de 4,7‚Äù, Touch ID y grabaci√≥n a 4K https://t.co/zoHz5aygn1",Positivo,78
iManuMX,M√©xico,"Algunas de las caracter√≠sticas del NUEVO iPhone SE üì≤

Dise√±o de un iPhone 8 por fuera, c√°mara de un XR, potencia de‚Ä¶ https://t.co/H7y84QpxWH",Positivo,81
XavierPoncho,SAN NICOLAS DE LOS GARZA NL,Ya salio el #iPhoneSE https://t.co/IC7RdOlU0M,Positivo,66
applesfera,Espa√±a,"Hoy, ¬°Applesfera üî¥Live especial para hablar del nuevo #iPhoneSE! 

A las 19:00 (hora espa√±ola peninsular), os esper‚Ä¶ https://t.co/M3Oe8Tco7u",Positivo,85
albertoalvero,"Sevilla, Espa√±a",üì±üéâ Pues ya es oficial. Nuevo #iPhoneSE desde 489‚Ç¨. üóì Disponible a partir del 24 de Abril. https://t.co/TGHOefncLD https://t.co/i4qqC7rCmx,Positivo,84
KrosmosTv,United States,"#iPHONESE ESTARA DISPONIBLE PRONTO‚ÄºÔ∏è

‚úÖ DESDE $399

‚úÖ 4.7"" Retina Display

‚úÖ A13 Bionic Chip

‚úÖ 4k @ 30-fps

‚úÖ Wire‚Ä¶ https://t.co/uijFpdmmdq",Positivo,72
Enterados_pe,Lima,"Ser√°n 3 colores, negro, blanco y (Product) RED. Adem√°s es resistente al agua y polvo. Lo podremos conseguir a parti‚Ä¶ https://t.co/pecP9x4MFM",Positivo,61
Enterados_pe,Lima,Llega potenciado con un Chip A13 Bionic ya visto en el #iPhone11 y #iPhone11Pro. Pero la novedad es su c√°mara √∫nica‚Ä¶ https://t.co/ZtwsFvfolH,Positivo,71
Enterados_pe,Lima,Al fin lo conocemos!!! #Apple presenta el nuevo #iPhoneSE https://t.co/ScmQ5jqqc6,Positivo,82
iAcidoTextual,Entiendan NO RESPONDO DM's,"Si el nuevo #iPhoneSE costara 400 d√≥lares ac√° en Guatemala fijo lo vender√°n en unos 10,000 m√°s con los precios altos de @iShopGuatemala",Positivo,71
limberlomeli,"20.563577,-103.325382","Ya sali√≥ el #iphoneSE2. Que, para @apple simplemente es, #iphoneSE. Solo viene con una c√°mara y 3 colores posterior‚Ä¶ https://t.co/g2rFkmRU70",Positivo,58
GonzoMau,"Santiago, Chile",El viejo y querido #iPhoneSE vuelve a la vida: reencarna en el dise√±o del iPhone 8 pero tiene el procesador del iPh‚Ä¶ https://t.co/VHI2yATnCG,Positivo,69
iAcidoTextual,Entiendan NO RESPONDO DM's,Lo quiero pero URGENTE #iPhoneSE #Apple #iPhoneSE2 #iphonese2020 https://t.co/V7UIqqYTsk,Positivo,76
AbrahamVelazqz,M√©xico D.F;,"3 colores #iPhoneSE 
Desde $399 d√≥lares. ( en M√©xico yo creo desde 8,500 pesos ) https://t.co/dyNApkiddq",Positivo,65
comar_torrijos,,"Apple Lanza el nuevo iPhone 8.... oh perd√≥n perd√≥n, el iPhone SE.
.
.
#iPhoneSE #iphonese2020 https://t.co/Y6jnNmrTit",Positivo,79
Roberto_M_M_,Alcal√° de Henares,Ya tenemos aqu√≠ el nuevo #iPhoneSE #iphonese2020 #iPhoneSE2 #iphone9 El iPhone con m√°s nombres de la historia.  https://t.co/PJDGhUAdN2,Positivo,82
erikAmaro6,,El nuevo #iPhoneSE es lo mismo que el iPhone 8 no me jodan üòëüòë#Apple,Positivo,79
Tutti_creeper,Êó•Êú¨ ÂåóÊµ∑ÈÅì,"#iPhoneSE Product Environmental Report

https://t.co/G3lxNryV8W",Positivo,68
AbrahamVelazqz,M√©xico D.F;,"Oficial. Habemos iPhone SE #iPhoneSE 
üì± https://t.co/VDc9pgtMn9",Positivo,71
geekdegafas,Espa√±a,Pero es que en USA los impuestos... YA. #iPhoneSE2020 #iPhoneSE https://t.co/2CscA0hM0E,Negativo,59
RAINWAFT,,Pues Apple se la ha sacado con el nuevo #iPhoneSE. Apple entra de lleno y a por sangre contra la gama media-alta de android.,Positivo,80
Novedades_Apple,M√©xico,"No se pero siento que ese iPhone ya lo eh visto antes, oh si se llamaba iPhone 8 

#iPhone #iphonese2020 #iPhoneSE‚Ä¶ https://t.co/FMf8ijhaW0",Positivo,71
lmcaste,,Por fin ha merecido la espera despu√©s de tantos a√±os! El nuevo Iphone SE ya est√° aqui! BIEEEN! üéâ #iPhoneSE2‚Ä¶ https://t.co/DCQSVw3Pdo,Positivo,81
parentesis,M√©xico,Todos los detalles del nuevo #iPhoneSE: https://t.co/BqYgbTQhrU https://t.co/ADwMnUMx9w,Positivo,79
Pacho_Bernate,"Bogot√°, D.C., Colombia","#Apple dej√≥ hoy vender el iPhone 8 y el iPhone 8 Plus despu√©s de anunciar el iPhone SE de segunda generaci√≥n. 

El‚Ä¶ https://t.co/nWn9IU19eH",Positivo,73
oscarhdez131,Veracruz. M√©xico ,#iPhoneSE con el Chip A13 Bionic del iPhone 11 Pro https://t.co/whuxHGKAJn,Positivo,67
Carlos_Vassan,M√©xico,"Pero, mientras llega a M√©xico üëÄ

Ya tengo video nuevo hablando del #iPhoneSE üëÄ 

Todo lo que quieres saber y recien‚Ä¶ https://t.co/tyYlpMzqOU",Positivo,78
Juanilloky,vitoria,"Para los que tengan un presupuesto m√°s ajustado y quieran tener un iPhone con el √∫ltimo procesador, un tama√±o ideal‚Ä¶ https://t.co/jexQlYzfg8",Positivo,66
luisalanmz,,#Habemus nuevo #iPhoneSE https://t.co/yAnWHqKXSr,Positivo,83
_oscarag,M√©xico DF,Este es el nuevo #iPhoneSE #iPhoneSE2 @Apple https://t.co/gMCdyRnmwu,Positivo,82
manzanaticos,,"Ya ha llegado el Nuevo IPhone üì≤ SE 

#apple #iPhoneSE https://t.co/Juckjmmith",Positivo,82
Estrategia_SMC,Alcal√° de Henares,The new iPhone SE ‚Äî Apple https://t.co/t5q2pfOBNZ v√≠a @YouTube #iphonese2020 #iPhoneSE #iPhoneSE2,Positivo,74
mr_josevicente,Cuba,"iPhone SE (2020) desde $399
@adrian_sendin emb√∫llate y empieza a usar un tel√©fono de verdad jaja 

#iPhoneSE2‚Ä¶ https://t.co/nmyJK4LHXE",Positivo,72
eureka_ec,Cuenca - Ecuador,"A pesar del aislamiento a nivel mundial, Apple ha lanzado un nuevo dispositivo... el nuevo #iPhoneSE 

https://t.co/x9F6accRJT",Positivo,83
OhMyGeek,Ciberespacio,Se los dijimos. Apple present√≥ el nuevo #iPhoneSE (2020) y costar√° desde $399 USD en Estados Unidos a partir de est‚Ä¶ https://t.co/hIw1TVep2s,Positivo,80
ChinoEnPedales,Despe√±aperros,"Es oficial, en la p√°gina de Apple, el #iPhoneSE ha reemplazado al #iPhone8",Positivo,63
Apperlas,Ô£ø,Ya est√° aqu√≠ el nuevo #iPhoneSE  a partir de 489‚Ç¨ https://t.co/Ym0YakkGWh,Positivo,84
manu_tech,"Sto. Dgo., Dominican Republic","El nuevo #AppleiPhoneSE es oficial!
US$400 üòÆ

#Apple
#iPhone
#iPhoneSE
#iPhoneSE2020 https://t.co/rCNsFEmFYW",Positivo,80
parentesis,M√©xico,¬øDespertando? Apple acaba de presentar el #iPhoneSE ¬øQu√© te parece? https://t.co/kn16hOBJEa,Positivo,57
RitchieArgueta,,"#Apple lanza el #iPhoneSE 2020 üò±
* Pantalla de 4,7 pulgadas üì±
* A partir de 64G de almacenamiento ü•∞
* Chip A13 üòé
*‚Ä¶ https://t.co/16rAWCtfyW",Positivo,68
MaykisWorld,"Barcelona, Espa√±a",Habemus #iPhoneSE ‚ÄºÔ∏è que comience la fiesta üéâ https://t.co/2P2f7zzZg9,Positivo,68
XavierCamps,Barcelona,Pues ya tenemos nuevo #iPhoneSE https://t.co/3Gc9WENvmn,Positivo,85
TechRadarES,United States,√âste es el nuevo #Apple #iPhone: el #iPhoneSE https://t.co/IzRDz0XX2v,Positivo,82
Miguel_h91,Entre Almer√≠a y Madrid,"Aqu√≠ toda la informaci√≥n sobre el nuevo #iPhoneSE (2020) desde 489 euros, un precio bastante interesante teniendo e‚Ä¶ https://t.co/dYZHSZD6W6",Positivo,80
iManuMX,M√©xico,"üî¥ Colores, Capcidades y Precios del NUEVO #iPhoneSE 

M√©xico üá≤üáΩ (primera imagen)

USA üá∫üá∏ (segunda imagen) https://t.co/u5WGOhQTtm",Positivo,76
Josesesteaga,"Arizona, USA","El #iPhoneSE te saluda @Mimacmx üëã üòÇüòÇüòÇ yo lo dije, 399 dls un excelente precio para el mercado. #Apple‚Ä¶ https://t.co/bQhkyhfB3U",Positivo,67
OneThingApple,,Actualizado con los precios de Espa√±a #Apple #iPhone #iPhoneSE,Positivo,57
PTaracido,Espa√±a,Primer lanzamiento de un nuevo iPhone con las tiendas cerradas....a ver que tal resulta el experimento #iPhoneSE https://t.co/lSC0LrEf7z,Positivo,85
tecnofanatico,,"Ya se encuentra en la tienda de Apple la informaci√≥n del iPhone SE a un valor de $399 d√≥lares, listo para pre-orden‚Ä¶ https://t.co/VRmfXpFDfp",Positivo,72
isupertecgaming,,Ya sali√≥ el nuevo #iPhoneSE https://t.co/P2pBXKD0mG,Positivo,83
RitchieArgueta,,#Apple ha lanzado el nuevo #iPhoneSE que tal te ha parecido? üò±‚ù§Ô∏è https://t.co/5I22jznkSk,Positivo,84
elvortice_,Espa√±a,"Apple desvela el nuevo #iphoneSe con el mismo dise√±o que el iPhone 8 desde 399 euros. 

‚Ä¢ Pantalla 4.7‚Äù LCD 
‚Ä¢ A13‚Ä¶ https://t.co/oNXd3Q0lBU",Positivo,68
Santillanes,M√©xico,"El nuevo #iPhoneSE llega en tres colores : negro, blanco y RED https://t.co/bvueoWXjgi",Positivo,75
augeintl,"Miami, FL","Y sali√≥ a la venta el nuevo #iPhoneSE en 3 colores y su precio es de 399$ 
#Apple 
#iPhoneSE2 

Qu√© les parece ? https://t.co/yPPjxulUVs",Positivo,73
Carlos_Vassan,M√©xico,"Si es oficial, no fue un rumor solamente. #iPhoneSE es oficial y llegar√° pronto a M√©xico

Precio la versi√≥n inicial‚Ä¶ https://t.co/TeQnQk1RpX",Positivo,66
RickyFernandezR,IG: @RickyFernandez.es,"Al final mi aportaci√≥n no relevante era certera :) 

Ahora s√≠, #iPhoneSE https://t.co/aqbDF7UUw7 https://t.co/T5O98iw1fw",Positivo,68
gescol,United Statesüìç| El Salvador,"Es oficial!! Apple lanza la segunda generaci√≥n del iPhone SE.
4.7"" Retina HD display
A13 Bionic chip
Una c√°mara de‚Ä¶ https://t.co/UUlQc5rInf",Positivo,69
tectoccr,"San Jos√©, Costa Rica",Y es oficial @Apple lanz√≥ el #iPhoneSE https://t.co/MgQ38qKSs7 #iphoneSE2 #iphpnese2020,Positivo,67
SoyEduSanchez,üî¥ Mis otras redes ‚ñ∂‚ñ∂,"iPhone SE (2020)

‚Ä¢ Dise√±o de iPhone 8  
‚Ä¢ Pantalla  LCD 4.7‚Äù
‚Ä¢ Cjip A13 Bionic
‚Ä¢ C√°mara de 12MP 
‚Ä¢ Negro, Rojo, Bl‚Ä¶ https://t.co/QQR5wd7t31",Positivo,68
Santillanes,M√©xico,"Este es el nuevo #iPhoneSE pantalla de 4,7 pulgadas con A13 Bionic costar√° 399 d√≥lares https://t.co/Jwuk2gokFx",Positivo,77
OscarKhima_,"Community of Madrid, Spain","Apple desvela el nuevo #iphoneSe con el mismo dise√±o que el iPhone 8 desde 399 d√≥lares en Estados Unidos. 

‚Ä¢ Panta‚Ä¶ https://t.co/sUU9yiXHzA",Positivo,77
Embi41,"Madrid y Albacete, Espa√±a","Me encanta lo limpio que es el dise√±o trasero... ¬°Y se mantiene Touch ID! üôÑ #iPhoneSE
https://t.co/D30veq13sC",Positivo,74
Viatea,prensa@viatea.es,Apple presenta el nuevo iPhone SE por tan solo 399$ con el A13 Bionic. #iPhoneSE #Apple https://t.co/rHG0fbluT9,Positivo,72
TechAholicsPod,,"iPhone SE (2020)

‚Ä¢ Dise√±o de iPhone 8  
‚Ä¢ 4.7‚Äù LCD Display
‚Ä¢ A13 Bionic chip 
‚Ä¢ C√°mara de 12MP 
‚Ä¢ Negro, Rojo, Bla‚Ä¶ https://t.co/Llnf0sdhbY",Positivo,68
TechAholicsPod,,"Es oficial, aqui el iPhone SE 2020 #iPhoneSE https://t.co/yjZ2s8cZfH",Positivo,75
ErichGarciaCruz,La Habana - Cuba,"Demor√≥, pero ya es ""oficial""

#iPhoneSE #iphonese2020 https://t.co/YBWgfBAq6o",Positivo,68
miopiniontech,United States,Apple a lanzar online el iPhone SE 2020 esta semana INFO: https://t.co/P6JyJCJlr2 #iPhoneSE #Apple #iPhoneSE2020 https://t.co/mQKxVFlydy,Positivo,72
ClaudioStoduto,Torino,"Sono pronto con la carta üòú 

#iPhoneSE",Positivo,70
iManuMX,M√©xico,"El iPhone 9/SE 2 sale en 1 hora. Listos? üì≤üî•üí•

Antes solo se filtraban los modelos, ahora hasta la hora en la que va‚Ä¶ https://t.co/IAZxg4la7Q",Positivo,59
JuanantoGil,"Extremadura, Espa√±a",Las y los seguidores de Apple y de medios esperando el lanzamiento del #iPhoneSE de 2020. üòÅ https://t.co/FT5iunO54w,Positivo,68
Verownika,Barcelona,Yo digo que ser√° a las 18h üòè #iPhone9 #iPhoneSE https://t.co/hhzYUGOu30,Positivo,68
TechAholicsPod,,"Muchos se preguntan cu√°ndo Apple lanze hoy el nuevo #iPhone, los comunicados de prensa han salido hist√≥ricamente a‚Ä¶ https://t.co/DNpyaTzOky",Positivo,81
iManuMX,M√©xico,"Buenos d√≠as! ‚òÄÔ∏è Ya listo para traerles toda la informaci√≥n del supuesto lanzamiento del iPhone 9/SE 2020 

S√≠gueme‚Ä¶ https://t.co/8709D6kQ5q",Positivo,85
TechRadarES,United States,"Se supone que hoy es el d√≠a en el que sale el #Apple #iPhoneSE, tambi√©n llamado #iPhone9. As√≠ que atentos https://t.co/RobWtvqKjN",Positivo,76
JuanantoGil,"Extremadura, Espa√±a","Al contrario, pinchad y leed porque os gustar√° el contenido de @LaMMordida. Y m√°s hoy, que podr√≠amos conocer el pr√≥‚Ä¶ https://t.co/t84DiQ7GNA",Positivo,75
RitchieArgueta,,Crees que #Apple saque a la venta el reconocido #iPhoneSE hoy? üò±üì±Concept by @9techeleven https://t.co/PucEGHyFIA,Positivo,74
iManuMX,M√©xico,"Ma√±ana, iPhone 9/SE 2020? ü§îüëÄ

#iPhone9 #iPhoneSE2 #iPhoneSE #iPhoneSE2020",Positivo,78
Carlos_Vassan,M√©xico,"Seg√∫n varios medios, ma√±ana #Apple presentar√° un nuevo #iPhoneSE a.k.a. #iPhone9 

Que dicen ¬øLo traigo al canal? üòú https://t.co/8KTgdG5jiI",Positivo,80
HOWARD_GONZALEZ,Caracas-Venezuela,Tutorial: C√≥mo Configurar y Modificar el Cursor del iPad con un Mouse o TrackPad - Pasos y Funciones #Apple #iPad‚Ä¶ https://t.co/OcwwKuTQy0,Positivo,69
icanarymac,"Las Palmas, Islas Canarias","Habr√° ma√±ana el lanzamiento del Iphone SE 2020????? Que opinan???. Leo vuestros comentarios.
#iPhoneSE #apple",Positivo,74
Lukorcom,Granada,"#Google Pixel 4a, un fracaso antes de salir al mercado
https://t.co/ibBQ4uPj1t
#Lukor #GooglesPixel4a #IPhoneSE‚Ä¶ https://t.co/SvGUGZ0YRs",Positivo,63
iManuMX,M√©xico,"üí• ATENCI√ìN!! Estoy contestando muchas de sus preguntas del iPhone 9/SE/SE 2020 üì±

En mis historias de Instagram:‚Ä¶ https://t.co/vuayjsTkoP",Positivo,77
iManuMX,M√©xico,"Buenooos d√≠as ‚òÄÔ∏è

Ya listos para el iPhone 9/SE/SE 2/SE 2020 ???? üì≤ü§î

 #iPhone9 #iPhoneSE #iPhoneSE2 #iphonese2020 https://t.co/AlUgN6svTK",Positivo,70
TechRadarES,United States,"Este mismo mi√©rcoles tendremos #iPhone #barato: #iPhoneSE
#iphone9 #iPhoneSE2020 por s√≥lo $399, dicen las buenas le‚Ä¶ https://t.co/5k5LNIqOlo",Positivo,72
blodico,,"Siguiendo el rastro del iPhone SE (2020), esto es todo lo que sabemos hasta ahora #Rumorsfera #IPhoneSE https://t.co/DFO5YtSN49 #followme",Positivo,70
iManuMX,M√©xico,"üí• Filtraci√≥n EXCLUSIVA: 

El iPhone 9/iPhone SE 2020 podr√≠a incluir la misma c√°mara que el iPhone XR üì±üì∏

#iPhone9‚Ä¶ https://t.co/9pWYxnLknB",Positivo,68
skarabaja,,"Alguien sabe si la pantalla tiene arreglo? O por qu√© se puso as√≠?

#iPhone  #iPhoneSE #AYUDA https://t.co/uQvBQhYJpq",Positivo,65
MaykisWorld,"Barcelona, Espa√±a","No te pierdas la charla de @MacVega31 y @Verownika ‚ÄºÔ∏è #iphone12pro #AirPodsX #iPhoneSE 
üëáüèªüëáüèª
Charla con Verownika:‚Ä¶ https://t.co/z8GSZat3FY",Positivo,68
iManuMX,M√©xico,"Los d√≠as de entrega del iPhone 8 se han alargado ‚è∞ 

¬øEsto significa iPhone 9 (SE 2) a la vista? üëÄüî•

A la derecha c‚Ä¶ https://t.co/oc9Ljq3kL8",Positivo,70
iManuMX,M√©xico,"Buenos d√≠as! üëãüèº 

Faltan 5 d√≠as pra conocer si esto es real üì≤

Posible fecha de lanzamiento: 14-15 de Abril.‚Ä¶ https://t.co/hpnFF9pxuk",Positivo,76
TechRadarES,United States,"23 de abril. 1 de mayo. 7 de julio San Ferm√≠n. ¬øCu√°ndo saldr√° el nuevo #Apple #iPhone #barato, #iPhoneSE 2020 o‚Ä¶ https://t.co/KDDM6RueSZ",Positivo,80
elgafaspodcast,,"üì£ Nuevo Podcast! ""iPhone SE 2020"" en @Spreaker #coronavirus #covid_19 #iphone #iphonese #quedateencasa #todoirabien https://t.co/JwhHkCVfBT",Positivo,80
